run_id,num_rounds,therapist,run_date_time
4c025580,10,baseline - Haiku,2026-04-04 12:11:42
088286ee,20,monitor_agent - Haiku,2026-04-06 11:53:52
a39dcc5e,10,Constituiton - Haiku,2026-04-14 08:40:12
42e48a5b,10,Constituiton - Haiku,2026-04-14 09:34:57
4a37cdc0,10,Base New Crisis Test,2026-04-17 09:19:55
16a77e4f,10,Base New Crisis Test,2026-04-17 09:24:56
6e4300e7,10,Base New Crisis Test,2026-04-17 09:26:04
f505a405,10,Base New Crisis Test,2026-04-17 09:31:51
af39abdc,10,Monitor Crisis Test,2026-04-20 07:03:39
